time,q1,q2,qd1,qd2
0,0,0,0,0
0.02,0.0003924,-0.0007848,0.03924,-0.07848
0.04,0.0015695973112830905,-0.003139191077889692,0.07847970696028671,-0.15695902722886163
0.06,0.003531552300434492,-0.007063041766520145,0.11771559864735465,-0.2354253972719383
0.08,0.0062780726585549744,-0.01255571425200926,0.15693578528942118,-0.3138396782931681
0.1,0.00980859357771115,-0.019615335440779487,0.19611476488243829,-0.39211730094339325
0.12,0.014121854482534417,-0.028237724922868572,0.23520832855783266,-0.47011165477442246
0.14,0.019215477549081234,-0.038414996796919815,0.2741488435371143,-0.5475984090537612
0.16,0.025085459345890772,-0.05013387211743213,0.31284129725543697,-0.6242623022831428
0.18,0.031725596308483,-0.06337376914667815,0.35116065644314337,-0.6996881974853962
0.2,0.039126877277004354,-0.07810477922983738,0.3889512371574642,-0.7733586631730106
0.22,0.0472768907973733,-0.09428568312739677,0.42602883235076894,-0.8446605071938404
0.24,0.056159308713207505,-0.11186220765199051,0.4621862261663887,-0.912902315288647
0.26,0.06575351674779263,-0.13076575250488667,0.49720237482786334,-0.9773439210775479
0.28,0.07603446251974237,-0.15091281685402752,0.5308549420674138,-1.037236824017757
0.3,0.08697277770632611,-0.1722053113309132,0.5629351268098541,-1.0918721478055085
0.32,0.09853520259192199,-0.1945318495747411,0.5932630046816244,-1.1406304140552974
0.34,0.11068530125282515,-0.2177699845946155,0.6217011784549175,-1.1830260197743212
0.36,0.12338441211121766,-0.2417892147361327,0.6481646098515719,-1.2187395439191313
0.38,0.13659274222952567,-0.2664544663859065,0.6726251401385812,-1.2476330439842576
0.4,0.15027049410872353,-0.2916296967047272,0.6951102371054639,-1.2697468160993266
0.42,0.16437891560478957,-0.31718126488759285,0.7156966091296619,-1.2852796443321723
0.44,0.17888118495013777,-0.342980788561887,0.7345001670535942,-1.2945572741294586
0.46,0.19374307639486402,-0.3689073093066717,0.7516641880644069,-1.2979950548461119
0.48,0.20893338818627535,-0.394848707430367,0.7673474343108346,-1.2960603787970928
0.5,0.22442414541206906,-0.42070240510889567,0.7817135483346684,-1.2892391670373848
0.52,0.24019061108816392,-0.4463754640897789,0.7949224898696214,-1.2780088653897719
0.54,0.2562111489672014,-0.47178421677496785,0.8071242641961452,-1.262818764659693
0.56,0.2724669827193457,-0.4968535734924673,0.8184548158284519,-1.244077251265859
0.58,0.2889418913916452,-0.5215161337617966,0.829033744720863,-1.2221448991006238
0.6,0.30562187334141083,-0.5457112048244182,0.8389634204485394,-1.1973320502750273
0.62,0.3224948024269598,-0.5693838039034701,0.8483290796492116,-1.1698995626219193
0.64,0.3395500925332468,-0.5924836960862446,0.8571995514759456,-1.1400615909491059
0.66,0.3567783801831233,-0.6149644995405005,0.8656283334399204,-1.1079895161854565
0.68,0.3741712302015743,-0.6367828745052236,0.8736548163484151,-1.0738163793803492
0.7000000000000001,0.39172086603439654,-0.6578978017317343,0.8813055223664363,-1.0376413849573838
0.72,0.40941992412101635,-0.6782699489781869,0.8885952713721882,-0.9995341995407165
0.74,0.42726123040411096,-0.6978611198829283,0.8955282282249016,-0.9595388906567721
0.76,0.4452375963738274,-0.7166337772496294,0.9020988094598202,-0.9176774305411904
0.78,0.46334163178663623,-0.7345506318117715,0.9082924448533656,-0.8739527424365151
0.8,0.48156557121314836,-0.7515742874084175,0.9140861996674366,-0.8283512978638955
0.8200000000000001,0.4999011117443361,-0.7676669338403114,0.9194492691629981,-0.7808452897383702
0.84,0.5183392594450718,-0.7827900792399898,0.9243433596723107,-0.7313944127069205
0.86,0.5368701824370123,-0.7969043144195465,0.928722971212443,-0.6799472822024181
0.88,0.5554830687869247,-0.8099691022512995,0.93253559604041,-0.6264425198131557
0.9,0.5741659876507977,-0.8219425856255889,0.9357218461592183,-0.5708095262264552
0.92,0.592905752365154,-0.8327814078770482,0.9382155208577911,-0.5129689551711766
0.9400000000000001,0.6116877843755345,-0.8424405397514783,0.9399436230412531,-0.4528328929817872
0.96,0.6304959770405866,-0.8508731069827801,0.9408263304177419,-0.39030473885248856
0.98,0.6493125584409292,-0.8580302123482448,0.9407769245190046,-0.32527877053478926
1,0.6681179523461813,-0.8638607456538331,0.9397016769560337,-0.25763936896956374
1.02,0.6868906364401709,-0.8683111744466411,0.937499688115456,-0.1872598627921613
1.04,0.705606996759313,-0.8713253073288452,0.934062668514377,-0.11400093930512409
1.06,0.7242411770445025,-0.8728440205135597,0.9292746470355243,-0.03770855169565021
1.08,0.7427649213198667,-0.8728049366599833,0.9230115829962847,0.041788767919045816
1.1,0.7611474074637644,-0.8711420429738977,0.9151408501393061,0.12468330478968258
1.12,0.7793550687926625,-0.8677852329538879,0.9055205497671944,0.21119241320386062
1.1400000000000001,0.7973513996922141,-0.8626597528622747,0.8939985968835837,0.30156380850349235
1.16,0.8150967400463189,-0.8556855298164562,0.8804115067417801,0.39608213400547415
1.18,0.832548031565365,-0.8467763530885168,0.8645827889238443,0.49507710072539834
1.2,0.8496585370155759,-0.8358388734581268,0.8463208311916127,0.5989335786184524
1.22,0.8663775107039828,-0.8227713768998188,0.8254161251563398,0.7081041202687883
1.24,0.882649805270188,-0.8074622780446087,0.8016376500497477,0.823124524740231
1.26,0.8984153957775772,-0.7897882652523809,0.7747281906421258,0.9446332005064855
1.28,0.9136087972395391,-0.7696120123760568,0.7443983251099207,1.0733952526511679
1.3,0.9281583461842101,-0.7467793524141125,0.7103187906971942,1.210332368940474
1.32,0.9419853111973322,-0.721115786413647,0.6721109491964775,1.3565596277096974
1.34,0.9550027931093417,-0.6924221812292967,0.6293351993193838,1.5134300953795357
1.36,0.9671143763461921,-0.6604695027334091,0.5814775733677016,1.6825870558917435
1.3800000000000001,0.9782125076162436,-0.6249924625932777,0.5279357549587075,1.8660208604132733
1.4000000000000001,0.9881766261825125,-0.5856820865902242,0.468008125684301,2.066120324143806
1.42,0.9968711953399769,-0.5421775766284659,0.4008948805959498,2.2856920046360325
1.44,1.0041440845653113,-0.49405874208344897,0.32573245176599186,2.5278827884208726
1.46,1.0098264379612205,-0.44084239050224605,0.24170934167159427,2.7958566769375044
1.48,1.013736680337869,-0.38199081084947334,0.14836847411406903,3.091895389356635
1.5,1.0156944900951226,-0.31695054529057903,0.04631183650426558,3.415236859503878
1.52,1.0155565151130357,-0.24525868406295573,-0.061310467915520805,3.757422647281458
1.54,1.0132936902872367,-0.16678023063308814,-0.1661096665194847,4.093777965552427
1.56,1.0091291335265202,-0.08213881353989605,-0.2511331575588469,4.372718977285344
1.58,1.0037081975048,0.006745413652680471,-0.2911986582899936,4.516422280732918
1.6,0.9981479404444277,0.09649105245620432,-0.26483379723343414,4.458162193017268
1.62,0.9937704221313299,0.18308284858815138,-0.17337461464318582,4.202398472391894
1.6400000000000001,0.991633626383531,0.2633321971275351,-0.04140954459053961,3.825840989625583
1.6600000000000001,0.992272210713934,0.3356717317225772,0.1038652192672764,3.4122344756920246
1.68,0.9957844720316669,0.3998640047723278,0.24600742888160398,3.0108697714566195
1.7,1.0020405044561786,0.45634175407825944,0.37843832969308205,2.6401104202603674
1.72,1.0108320144318905,0.5057420228060185,0.49976895925836673,2.302419525032972
1.74,1.0219439095447878,0.5486896561763386,0.6106611352167393,1.994252914201045
1.76,1.035180391611518,0.5857232542834528,0.7123741259419496,1.7105497942452224
1.78,1.0503711907310018,0.6172819448613446,0.8062062164182889,1.4464050756555382
1.8,1.06737056163307,0.6437134600113812,0.8933189990126992,1.197559031909031
1.82,1.0860542654148604,0.6652875048640112,0.9747083164112429,0.9604464196488344
1.84,1.1063164792265532,0.6822086622351015,1.0512253967023217,0.7321027066792046
1.86,1.1280672609658533,0.694627104928251,1.1236113109681911,0.5100380265408418
1.8800000000000001,1.1512307035354765,0.702646844884905,1.192531752605731,0.29211586154295316
1.9000000000000001,1.1757437475172599,0.7063317052597536,1.258608379244284,0.07644568300990212
1.92,1.201555580894793,0.7057092859099787,1.3224464115765175,-0.13871113593907575
1.94,1.228627560477918,0.7007731477518215,1.3846594004671586,-0.3550259823734243
1.96,1.2569336115794634,0.6914833577638805,1.445892456482722,-0.5741828197764378
1.98,1.286461089019288,0.6777654463493376,1.5068453178995247,-0.7979576469697391
2,1.3172121092962814,0.6595077441722775,1.5682965745655213,-1.0283016270949932
2.02,1.3492053874416106,0.6365569959268857,1.6311301118339636,-1.2674308713042903
2.04,1.3824786258615434,0.6087121149982349,1.6963640963930764,-1.5179232624569
2.06,1.417091489186224,0.5757160008687674,1.7651808349089855,-1.7828160833428932
2.08,1.453129116115326,0.5372456278980126,1.8389507814963133,-2.0656817125062745
2.1,1.4907058637304844,0.4929014609077531,1.9192315753640028,-2.3706185057896483
2.12,1.5299683093556031,0.4421994399083155,2.007693377355803,-2.701998448463431
2.14,1.5710948964552074,0.38457408187259656,2.1058533205039534,-3.063592845965738
2.16,1.6142858359621421,0.3194134215434953,2.2143542224483745,-3.4562229178088737
2.18,1.6597289991721988,0.24617184061928465,2.3312581141914124,-3.872234206440346
2.2,1.7075147763076357,0.1646477370113624,2.4486130984613994,-4.284423276670631
2.22,1.7574676123584663,0.07552928520265426,2.5475899343154835,-4.630420202968856
2.24,1.8089192646953938,-0.018874714260940048,2.597834208031702,-4.810819389007932
2.2600000000000002,1.860631003492393,-0.11439090961746783,2.5733682805844236,-4.740893960410414
2.2800000000000002,1.91114681261015,-0.20613643980610913,2.478892184779769,-4.435873868998096
2.3000000000000003,1.9593932389310866,-0.2904745065824148,2.3471875967022697,-4.002629068019377
2.32,2.0049432702839045,-0.3658825433035299,2.209471457124203,-3.5436211035386185
2.34,2.0478368494457615,-0.4323808369554748,2.0813616215149215,-3.1111138773730307
2.36,2.0883101559201043,-0.490658617519663,1.967144657205603,-2.720639014205986
2.38,2.1266344618423743,-0.5415497918622744,1.8661800886845934,-2.3715739715163453
2.4,2.1630529726477605,-0.5858242041363025,1.7763379444661065,-2.0582535045264114
2.42,2.1977648048670995,-0.6241316625836083,1.6953378271161383,-1.7743361343469015
2.44,2.230926220734219,-0.6570025247221868,1.621164023305527,-1.514184981065108
2.46,2.262656683875956,-0.6848645566857647,1.5521417620079656,-1.2731442196033136
2.48,2.293045345874716,-0.7080616890323709,1.486906190127956,-1.0474593149450886
2.5,2.3221566659934707,-0.7268703059784427,1.4243467118529072,-0.8341102440689376
2.52,2.3500349425798306,-0.7415122267047706,1.3635533316885942,-0.6306460068356007
2.54,2.3767078639092345,-0.7521646412719493,1.3037717685601662,-0.4350440720101297
2.56,2.4021892547208306,-0.7589675159278753,1.2443675289407141,-0.24559668497549964
2.58,2.426481179946341,-0.7620289575412046,1.1847972743159585,-0.06081960678683887
2.6,2.4495755314903347,-0.7614289278367137,1.124585558721393,0.12062226690514946
2.62,2.471455187759837,-0.757221592390026,1.0633052199597943,0.29997750436006476
2.64,2.4920948043624036,-0.7494364954809015,1.0005599934112743,0.4784633039598847
2.66,2.511461268320527,-0.738078671637684,0.9359681574085233,0.6573169520408977
2.68,2.5295138261345786,-0.7231277346843248,0.8691461877652635,0.8378468885363115
2.7,2.5462038767682595,-0.7045359212530711,0.7996915079015631,1.0214864820552365
2.72,2.561474403322596,-0.6822250052979063,0.7271635080371259,1.209853486664454
2.74,2.5752590021878907,-0.6560819438672671,0.6510621540410662,1.4048178651238472
2.7600000000000002,2.587480458813818,-0.6259530708992977,0.5708038957161667,1.6085796640682355
2.7800000000000002,2.5980488238305073,-0.591636651934471,0.4856956314574957,1.82375562928281
2.8000000000000003,2.606858984602886,-0.5528737176753641,0.39491015093982296,2.0534652492332452
2.82,2.613787859259662,-0.5093374763167486,0.2974729727100042,2.3013869173958974
2.84,2.6186916883265523,-0.46062265933649804,0.1922858661289578,2.571706830863201
2.86,2.6214047484335836,-0.4062387897068446,0.07824771404065535,2.868771422170667
2.88,2.621742778534303,-0.3456175472573619,-0.04538902317034604,3.196006580441123
2.9,2.6195186570736717,-0.2781579114365292,-0.1781354275669485,3.553175977671186
2.92,2.6145858103819477,-0.20335825339511632,-0.3163504047960055,3.9303460586950596
2.94,2.6069344404071866,-0.12111592926337525,-0.4498584206765822,4.297114543342732
2.96,2.5968572051600725,-0.03224970827778817,-0.5584825798727676,4.5913902998451706
2.98,2.585121015957279,0.06095240532464011,-0.6152197875914834,4.729078126638685
3,2.572933119030976,0.1548305372687524,-0.603671865606023,4.659043456213091
3.02,2.5615541448747448,0.24556374225016686,-0.5349644198568371,4.416518628706
3.04,2.551842312451108,0.33059423300505075,-0.43751528759117,4.090426586413749
3.06,2.54413132469777,0.4089951999958928,-0.33501474339668014,3.753905973983003
3.08,2.538400804145164,0.48092239712478,-0.23933072048163784,3.4425656363096233
3.1,2.534475216230225,0.5469871745712818,-0.15430280473708974,3.1669552772598415
3.12,2.532139551052519,0.6078982415119486,-0.08013058563293332,2.9265387716286972
3.14,2.5311876883362032,0.6643164657499829,-0.015751744159806624,2.7171420771825563
3.16,2.5314374268382247,0.7168133807863206,0.040162779557276485,2.5340021134616393
3.18,2.532732216529917,0.765869982997768,0.0888556491846996,2.3728044867903435
3.2,2.5349384586224852,0.8118882123563859,0.13138650145236486,2.2299338016509576
3.22,2.537941817354976,0.8552046427688628,0.16862796280670567,2.1024493190333184
3.24,2.5416437400875274,0.896102903336739,0.2012902604233309,1.9879826621185357
3.2600000000000002,2.5459585178907695,0.9348239844782346,0.22995089078708938,1.8846276692238106
3.2800000000000002,2.550810909079002,0.9715744910168023,0.2550815336651641,1.7908442196807588
3.3000000000000003,2.5561342516809584,1.0065331625301819,0.2770702756248199,1.7053803072491462
3.3200000000000003,2.5618689727842288,1.039856008362922,0.2962392577935169,1.6272108225025508
3.34,2.5679614108719853,1.0716803596802678,0.31285846015661073,1.5554900400243934
3.36,2.5743628821030353,1.1021280817363277,0.32715640596976425,1.4895148473790505
3.38,2.5810289360713212,1.131308135424195,0.3393284721157873,1.4286962302869675
3.4,2.587918758880807,1.1593186330385072,0.3495433577493836,1.372537057998658
3.42,2.5949946911249917,1.1862484988563837,0.3579481400496015,1.3206146729114931
3.44,2.6022218358827467,1.212178819016718,0.3646722445685699,1.2725671543691779
3.46,2.609567737574432,1.2371839454662605,0.36983057872181585,1.2280824063643005
3.48,2.6170021168734072,1.2613324038989273,0.37352601692972187,1.1868894289271006
3.5,2.6244966501731,1.284687644419021,0.3758513807513415,1.1487512895057805
3.52,2.6320247846285785,1.3073086651795058,0.3768910234876312,1.113459427068366
3.54,2.639561581720443,1.3292505327895487,0.37672210332375117,1.0808290083989684
3.56,2.6470835837742945,1.3505648183385133,0.37541560995497925,1.0506951209278594
3.58,2.6545686990199147,1.3712999640684114,0.3730371951744395,1.0229096351800815
3.6,2.6619961016713636,1.3915015927644634,0.3696478468943257,0.9973386067639082
3.62,2.669346144212586,1.4112127696173993,0.36530443764415504,0.9738601158253445
3.64,2.6766002796277224,1.4304742244879032,0.3600601720921989,0.9523624633179529
3.66,2.683740991754837,1.449324541058467,0.3539649530929093,0.9327426599286228
3.68,2.690751732291703,1.4678003182046733,0.34706568182181974,0.914905156274552
3.7,2.6976168632619624,1.4859363079914536,0.33940650445885984,0.8987607729438628
3.72,2.704321603974244,1.50376553395064,0.3310290154264935,0.8842257967608512
3.74,2.7108519816870724,1.5213193926862962,0.3219724252344689,0.8712212158172884
3.7600000000000002,2.7171947853375515,1.5386277413547518,0.31227369941796757,0.859672070699879
3.7800000000000002,2.7233375218087588,1.5557189731544325,0.3019676737967637,0.8495069032457296
3.8000000000000003,2.7292683743049992,1.5726200826189691,0.29108715026552634,0.8406572872891174
3.8200000000000003,2.7349761624799154,1.5893567222219294,0.2796629765001892,0.8330574283896957
3.84,2.740450304023326,1.6059532515620891,0.2677241122939856,0.8266438215819352
3.86,2.7456807774613927,1.622432780195865,0.25529768468925623,0.8213549578565937
3.88,2.7506580859634973,1.6388172050116099,0.24240903362379154,0.8171310714538549
3.9,2.755373221979882,1.6551272428934565,0.2290817494444526,0.8139139211742333
3.92,2.759817632558113,1.6713824592959372,0.21533770334106275,0.8116465998443064
3.94,2.763983185205006,1.6876012932411604,0.20119707150797816,0.8102733668467571
3.96,2.7678621341747576,1.7038010791550156,0.18667835363952906,0.8097394992674068
3.98,2.7714470870744763,1.7199980658753677,0.17179838620075066,0.8099911577491892
4,2.774730971685779,1.736207433091545,0.15657235078005868,0.8109752635930461
4.0200000000000005,2.7777070029061246,1.7524433054090467,0.1410137777205795,0.8126393840235502
4.04,2.7803686497165954,1.7687187641749667,0.12513454513756767,0.8149316228548651
4.0600000000000005,2.7827096020842483,1.7850458571470427,0.10894487335746653,0.8178005140604317
4.08,2.7847237377072984,1.801435606041601,0.09245331475721069,0.8211949159757801
4.1,2.786405088510514,1.8178980119521801,0.0756667389385541,0.8250639040550655
4.12,2.787747806796579,1.8344420585906778,0.058590313140408926,0.8293566602643133
4.14,2.7887461309570294,1.8510757132659243,0.04122747777190794,0.8340223573332217
4.16,2.7893943506439265,1.8678059254802402,0.023579916940288596,0.8390100362076057
4.18,2.7896867713009468,1.8846386229924503,0.005647523851512258,0.8442684751508532
4.2,2.789617677950293,1.9015787051657724,-0.012571639020771137,0.8497460490398153
4.22,2.7891812981300768,1.9186300333908402,-0.03108138506854797,0.8553905774933426
4.24,2.7883717638759187,1.9357954183478272,-0.04988745400289823,0.8611491605656408
4.26,2.787183072640907,1.9530766038472924,-0.06899756756972948,0.8669680008379026
4.28,2.7856090470502255,1.9704742469671899,-0.08842149036646428,0.8727922108573747
4.3,2.783643293391348,1.9879878941838411,-0.1081710954611472,0.8785656050114583
4.32,2.7812791587484114,2.0056159531781153,-0.12826043433727496,0.8842304750954014
4.34,2.778509686701173,2.0233556599853557,-0.14870581045997636,0.8897273490471799
4.36,2.775327571525879,2.0412030411497626,-0.16952585547195476,0.8949947325958524
4.38,2.7717251108587333,2.0591528705422766,-0.1907416066693135,0.8999688339158352
4.4,2.7676941568140356,2.077198620507182,-0.2123765839649457,0.9045832718174385
4.42,2.7632260655902425,2.0953324070186845,-0.2344568640061154,0.9087687685543792
4.44,2.758311645650364,2.1135449285570926,-0.2570111484575817,0.9124528290149427
4.46,2.752941104630637,2.131825398457926,-0.28007082267590355,0.9155594089100976
4.48,2.747103995216143,2.1501614705497216,-0.3036700000684208,0.9180085756054319
4.5,2.740789160326972,2.1685391579815634,-0.32784554633735985,0.9197161664904216
4.5200000000000005,2.73398467808707,2.1869427452538517,-0.35263707654445137,0.9205934512621639
4.54,2.7266778072034783,2.205354693610559,-0.37808691648920256,0.9205468062400709
4.5600000000000005,2.7188549335698378,2.2237555401333284,-0.4042400182786965,0.9194774108325062
4.58,2.710501519128043,2.242123791102568,-0.4311438181963714,0.9172809785405324
4.6000000000000005,2.7016020542785517,2.2604358104630764,-0.45884802308855666,0.9138475373806062
4.62,2.6921400154248434,2.2786657045558063,-0.4874043095427833,0.909061277279732
4.64,2.6820978295710662,2.296785204655681,-0.5168659182252516,0.902800484745977
4.66,2.6714568482619545,2.314763549288038,-0.5472871240093414,0.8949375877970749
4.68,2.6601973335554705,2.332567368779848,-0.5787225611401091,0.8853393365334377
4.7,2.6482984591421395,2.3501605750281955,-0.6112263818661353,0.8738671465964736
4.72,2.6357383301565727,2.3675042600231864,-0.644851227000197,0.860377633718516
4.74,2.6224940256462976,2.3845566072238786,-0.6796469880505904,0.8447233672472354
4.76,2.6085416680445386,2.401272820423789,-0.7156593432187675,0.8267538684771611
4.78,2.5938565243044738,2.4176050752182277,-0.7529280539937988,0.8063168754063644
4.8,2.5784131435546573,2.43350249855209,-0.7914850155354926,0.783259888779692
4.82,2.562185536186909,2.448911182030523,-0.8313520626499908,0.7574320047434187
4.84,2.5451473991466025,2.463774234660439,-0.8725385438607988,0.7286860271182961
4.86,2.5272723918221804,2.4780318804057373,-0.9150386885499988,0.696880837534238
4.88,2.5085344662963704,2.491621605341743,-0.958828805780493,0.6618839852177335
4.9,2.488908254811542,2.504478358263004,-1.0038643673070464,0.6235744413024643
4.92,2.468369516121868,2.5165348073399305,-1.05007704030691,0.5818454467901534
4.94,2.446895640985,2.527721653876384,-1.0973717462901535,0.5366073706490964
4.96,2.4244662154383656,2.537968002473508,-1.145623830412891,0.4877904869411495
4.98,2.4010636387796542,2.5472017850713202,-1.1946764293838825,0.43534757888379894
5,2.376673791402472,2.555350234558845,-1.2443381264471958,0.3792562841377787
5.0200000000000005,2.351286745889307,2.5623404020588394,-1.2943809796437,0.31952110888811136
5.04,2.3248975130652427,2.568099710723245,-1.344539006840341,0.25617505649122874
5.0600000000000005,2.297506813046766,2.572556537985214,-1.3945072108138183,0.1892808361585683
5.08,2.269121859598588,2.5756408176884573,-1.4439412331664112,0.11893163384367035
5.1000000000000005,2.2397571441981983,2.5772846532476725,-1.4924577395532101,0.04525143645991807
5.12,2.209435203930795,2.5774229327919,-1.5396356613445243,-0.03160510205283111
5.14,2.1781873545378763,2.575993936857163,-1.5850184482672671,-0.11145328013460147
5.16,2.1460543665431624,2.5729399283761154,-1.6281175168934217,-0.1940795082804615
5.18,2.1130870584575003,2.568207713280744,-1.6684171013547806,-0.27924309746641773
5.2,2.0793467769229745,2.5617491579535647,-1.7053807126291285,-0.36667879573459106
5.22,2.044905729864548,2.553521647199523,-1.7384593774042199,-0.4561002092921895
5.24,2.0098471361002166,2.5434884637559723,-1.7671017451733437,-0.5472042362658798
5.26,1.9742651544205436,2.5316190681972803,-1.7907660169552184,-0.6396765997004524
5.28,1.938264557912684,2.5178892571143545,-1.8089334644347965,-0.7331984892872365
5.3,1.9019601261097616,2.502281178312626,-1.821123089869611,-0.8274542145313049
5.32,1.8654757388008665,2.484783184927755,-1.8269067522376565,-0.9221396499651942
5.34,1.8289431708080943,2.4653895159069963,-1.8259238900697534,-1.016971136488234
5.36,1.7925006057398545,2.44409979790318,-1.8178948449284065,-1.1116944152630783
5.38,1.7562909069605868,2.4209183724979777,-1.8026317642999787,-1.2060931320953086
5.4,1.7204597035586073,2.3958534617077323,-1.7800461570717674,-1.299996472840725
5.42,1.6851533655636712,2.3689161926996682,-1.7501523867688022,-1.3932855745248676
5.44,1.6505169539384972,2.340119508438976,-1.713066693697769,-1.485898491111802
5.46,1.6166922354703426,2.3094769937943758,-1.6690016958201146,-1.5778336570066265
5.48,1.5838158500693227,2.277001646088364,-1.6182566789618447,-1.6691519616122792
5.5,1.5520177085963156,2.2427046152809464,-1.561204300238927,-1.7599777029454793
5.5200000000000005,1.5214196845446264,2.2065939323812924,-1.4982745550890795,-1.8504988125736317
5.54,1.4921346446573793,2.16867323595666,-1.4299369753713045,-1.9409668322437124
5.5600000000000005,1.4642658441181156,2.128940496442188,-1.3566820293212114,-2.0316971780084505
5.58,1.437906693470265,2.087386726894913,-1.279002595487484,-2.1230702614143895
5.6000000000000005,1.4131408887202925,2.043994657155639,-1.1973762047356789,-2.215534065602218
5.62,1.3900428844773283,1.9987373360019178,-1.1122485140643597,-2.3096088164427266
5.64,1.3686786832684765,1.9515766122998606,-1.024018218782329,-2.4058944670400555
5.66,1.3491069126864876,1.9024614304251941,-0.9330233445281962,-2.5050818534259225
5.68,1.3313801658341156,1.8513258557893635,-0.8395285968675829,-2.607968611793875
5.7,1.3155465896209861,1.7980867208866504,-0.7437131809783216,-2.7154813170203385
5.72,1.3016517200317896,1.7426407474986305,-0.6456582204564405,-2.828705874006115
5.74,1.2897405842100935,1.6848609515038269,-0.5453325686681068,-2.9489290706918467
5.76,1.2798601176862443,1.6245920654063868,-0.4425753610658194,-3.077695552324478
5.78,1.2720619844100707,1.5616446080433461,-0.33707300919955985,-3.21688658072326
5.8,1.2664059429656906,1.4957870712805896,-0.22832733296178973,-3.368830277682719
5.82,1.2629639840872855,1.426735447221178,-0.1156099055484241,-3.5364584522733233
5.84,1.2618255891122632,1.354138930931862,0.0021050135059300923,-3.7235340691449923
5.86,1.2631046557750683,1.2775600057175034,0.126241190707171,-3.9349886633399396
5.88,1.2669489596593673,1.1964460759672821,0.2587750800618577,-4.177435680690779
5.9,1.2735535636832092,1.1100880353310294,0.40247921843249584,-4.4599736496550815
5.92,1.2831805349238432,1.0175580434046423,0.5613156615522643,-4.795481196829555
5.94,1.2961890136754008,0.9176132031950059,0.741089666498131,-5.202769504051361
5.96,1.3130826896959036,0.8085417777910664,0.9505607270694697,-5.710252589211048
5.98,1.3345868090527968,0.6879113725611049,1.2033333568107272,-6.362238529441256
6,1.361772813836947,0.552156914168424,1.52081930582735,-7.228956948351895
6.0200000000000005,1.3962366695729171,0.3959784928896773,1.9347080183727818,-8.415797381653013
6.04,1.4401623906817829,0.21206253019449983,2.4721190223066087,-10.019036005788207
6.0600000000000005,1.4949736607553796,-0.004767511051057549,3.022420013348341,-11.705515161323751
6.08,1.5552697029070444,-0.23837176285052808,3.0071968791300585,-11.654949512645207
6.1000000000000005,1.6085641953158127,-0.45042279633304594,2.3426481494816085,-9.61334423566123
6.12,1.6493900956626426,-0.6247807341147898,1.7579015992296128,-7.876735609889998
6.140000000000001,1.6803712322668614,-0.7704938848895085,1.3496657685710343,-6.722172583458397
6.16,1.7043262278232492,-0.8968286446084299,1.0509762297560008,-5.925699736765246
6.18,1.722981031915762,-1.0094358806794725,0.8175451619145635,-5.343139257038288
6.2,1.7373872811684463,-1.1117786199000559,0.6250069314556198,-4.896002310123168
6.22,1.7482188287085263,-1.2061058282213695,0.45943291794827495,-4.539761010002332
6.24,1.755927954341417,-1.2939596104124556,0.31236786663527477,-4.247559893352669
6.26,1.7608292544785924,-1.3764455523292776,0.17839090010377257,-4.002275144511053
6.28,1.7631473035031515,-1.454385217284725,0.05386536592442556,-3.7924623706342806
6.3,1.7630453147792307,-1.5284070681187485,-0.06373847391072006,-3.6101660978179666
6.32,1.7606432868835271,-1.5990033636121062,-0.17622984833410915,-3.4496700336117634
6.34,1.7560300398781614,-1.666567259499018,-0.2849279239164633,-3.306749415017732
6.36,1.7492715511891053,-1.731417862358498,-0.39080437782383853,-3.178204957961327
6.38,1.7404169734545352,-1.7938176603891753,-0.49457422847902743,-3.06156182218932
6.4,1.729503161362964,-1.853984964894875,-0.5967550077987755,-2.9548690642833613
6.42,1.7165582204402687,-1.912102989175982,-0.6977059252374335,-2.856562391470439
6.44,1.7016044055211046,-1.9683266026041368,-0.7976540620016683,-2.765368008599214
6.46,1.6846605828298526,-2.0227874413993776,-0.8967120261935032,-2.6802338757035957
6.48,1.6657443966048533,-2.0755978356235816,-0.9948899857865406,-2.6002797136703255
6.5,1.6448742320937906,-2.1268538699632833,-1.0921041006904166,-2.5247601444724244
6.5200000000000005,1.6220710318449394,-2.1766378031334264,-1.1881828389208051,-2.4530372572918067
6.54,1.597359995850762,-2.2250200090657177,-1.2828723378473774,-2.384560113287938
6.5600000000000005,1.5707721749325634,-2.2720605615016596,-1.3758417712601736,-2.3188495036604926
6.58,1.5423459488939952,-2.3178105553906727,-1.4666895496954602,-2.2554868126147727
6.6000000000000005,1.5121283654849518,-2.3623132392429795,-1.554951075238769,-2.1941062007359413
6.62,1.4801763028734305,-2.4056050194034917,-1.6401086624792285,-2.1343895696746746
6.640000000000001,1.446557407436581,-2.4477163880505555,-1.7216040999672433,-2.0760639275371915
6.66,1.411350751007811,-2.4886728200189494,-1.798854142028974,-2.0189008630507597
6.68,1.374647148336936,-2.528495677986786,-1.8712689758305947,-1.962717863550753
6.7,1.3365490776983737,-2.567203159951871,-1.9382733985025045,-1.9073811805310192
6.72,1.2971701565553804,-2.604811316118253,-1.9993300713470197,-1.8528098598017069
6.74,1.256634140888368,-2.6413351532793836,-2.0539638157664464,-1.7989804180699702
6.76,1.215073441508684,-2.676789832706915,-2.1017855198788635,-1.7459314795973413
6.78,1.1726271826824588,-2.711191952060975,-2.1425138950942055,-1.6937675138697055
6.8,1.1294388656383674,-2.744560883267166,-2.1759931303260864,-1.6426606805402464
6.82,1.0856537385199772,-2.7769201179560716,-2.2022045114825746,-1.5928497444898206
6.84,1.0414160102482923,-2.808298552297964,-2.2212703621319276,-1.5446351249487074
6.86,0.9968660730086603,-2.8387316271487633,-2.2334492358703946,-1.4983694243059542
6.88,0.9521379113088435,-2.8682622309664865,-2.2391221122292304,-1.454443243762096
6.9,0.9073568708639949,-2.8969412750507657,-2.2387703112073494,-1.413266683107839
6.92,0.8626379366739529,-2.9248278648716863,-2.232946789848126,-1.3752475405617701
6.94,0.8180846286233129,-2.951989016881762,-2.22224324369394,-1.3407677491685228
6.96,0.7737885699962086,-2.978498904118157,-2.207255863771998,-1.3101598941020067
6.98,0.7298297268055933,-3.004437651196007,-2.1885526287643793,-1.2836856876820306
7,0.6862772615215806,-3.02988973456264,-2.166644670840523,-1.2615180482381123
7.0200000000000005,0.6431908999616923,-3.054942072663656,-2.141963653171171,-1.2437280159036623
7.04,0.6006226784534968,-3.0796819104822273,-2.114846388103351,-1.2302772586589292
7.0600000000000005,0.5586189206671772,-3.1041946134911527,-2.0855272451144997,-1.2210164806467931
7.08,0.5172222882879308,-3.1285614887777573,-2.054138330621356,-1.2156896998404794
7.1000000000000005,0.47647375452082563,-3.1528577478843447,-2.0207169822503093,-1.2139441105905533
7.12,0.4364143621251023,-3.1771507181248597,-1.9852197682546464,-1.2153450378693589
7.140000000000001,0.3970866471140242,-3.201498396991138,-1.9475418580507728,-1.2193952588350543
7.16,0.3585356353075796,-3.225948426869284,-1.907540291885361,-1.225557672349223
7.18,0.3208093517832264,-3.2505375434688073,-1.8650593360328107,-1.233279950454456
7.2,0.28395882236038816,-3.2752915207948807,-1.8199558316781104,-1.2420194802549538
7.22,0.24803758928454556,-3.3002255996959695,-1.7721223342735097,-1.251266712087059
7.24,0.21310080593431166,-3.3253453497283854,-1.721505992067323,-1.2605650770848162
7.26,0.17920401196029723,-3.3506478806310938,-1.6681215682304777,-1.2695259759717863
7.28,0.14640171512503397,-3.376123295610834,-1.6120577246397734,-1.2778379363444978
7.3,0.11474591534010059,-3.401756267888569,-1.5534765292106778,-1.2852697707835057
7.32,0.08428469907395622,-3.427527625760951,-1.4926069530957182,-1.291668283213183
7.34,0.055061010781865614,-3.45341584791806,-1.4297337342671155,-1.2969516199702824
7.36,0.027111677127702877,-3.4793983957253647,-1.3651833072384565,-1.3010996584261885
7.38,0.00046672541443635446,-3.505452837448641,-1.2993085231212778,-1.3041428597308753
7.4,-0.024850994755440267,-3.531557746239477,-1.232473666810753,-1.3061508367167785
7.42,-0.04882590410361623,-3.55769337577172,-1.1650409132340527,-1.3072215891084311
7.44,-0.0714495368049676,-3.5838421331221215,-1.0973589501944938,-1.3074720223047258
7.46,-0.09272018101375379,-3.6099888777409213,-1.0297541087735032,-1.3070300585629029
7.48,-0.11264236734874548,-3.636121079103645,-0.9625240302655319,-1.3060284072435218
7.5,-0.13122625424626919,-3.66222886529722,-0.8959336788805977,-1.3045998950804887
7.5200000000000005,-0.14848695393082822,-3.6883049918425854,-0.8302133783607866,-1.3028741619605722
7.54,-0.16444383570824006,-3.7143447557487215,-0.7655584926441692,-1.3009754874023653
7.5600000000000005,-0.17911983562061293,-3.740345875062874,-0.7021303659313772,-1.2990215106899305
7.58,-0.19254079409010916,-3.7663083496377023,-0.640058166933962,-1.297122628192535
7.6000000000000005,-0.2047348365458338,-3.792234314817103,-0.5794413300660323,-1.2953818830980364
7.62,-0.21573180643039383,-3.8181278963911547,-0.5203523414060176,-1.2938951976542257
7.640000000000001,-0.22556275548420304,-3.8439950725020147,-0.4628396718206339,-1.2927518312643036
7.66,-0.23425949275095823,-3.8698435461396077,-0.4069307092691381,-1.2920349769728863
7.68,-0.24185419121577656,-3.895682630358008,-0.35263458484579596,-1.2918224331134307
7.7,-0.24837904922975332,-3.921523147271544,-0.29994482195388505,-1.2921873061989648
7.72,-0.253866002739775,-3.9473773411602844,-0.24884176544434766,-1.2931987160395428
7.74,-0.2583464836901787,-3.9732588055464637,-0.19929476839892912,-1.2949224852707772
7.76,-0.26185121967136943,-3.9991824238298226,-0.15126412949816945,-1.297421803713428
7.78,-0.2644100698583398,-4.025164322938123,-0.10470278462134228,-1.3007578639285746
7.8,-0.26605189242768734,-4.051221839419136,-0.0595577634358626,-1.3049904685628952
7.82,-0.2668044389016321,-4.077373497442617,-0.015771426082315347,-1.3101786130656314
7.84,-0.26669427119347555,-4.103638998273972,0.026717502655917644,-1.316381049477714
7.86,-0.2657466974852428,-4.130039220911155,0.06797308353161936,-1.3236568385369099
7.88,-0.2639857234292504,-4.156596233733413,0.10806147948293439,-1.3320658985378693
7.9,-0.2614340155130936,-4.183333317189761,0.14705042189560702,-1.3416695604100697
7.92,-0.2581128737498906,-4.210274997754454,0.1850088111288873,-1.352531139471959
7.94,-0.2540422111446053,-4.237447093596803,0.22200643777550566,-1.3647165354051634
7.96,-0.24924053763785303,-4.264876772656447,0.2581138131405164,-1.3782948732753828
7.98,-0.24372494643762196,-4.292592624087508,0.29340209956152397,-1.3933392000111002
8,-0.23751110081470353,-4.3206247443431005,0.3279431334198111,-1.4099272527489926
8.02,-0.23061321955758549,-4.349004839525047,0.36180953600528337,-1.4281423179941601
8.040000000000001,-0.22304405935515897,-4.377766346034587,0.39507490982240956,-1.44807420377964
8.06,-0.21481489239812102,-4.406944572044407,0.42781412051000817,-1.4698203511394337
8.08,-0.20593547745843,-4.436576862890684,0.46010366737257213,-1.4934871164860357
8.1,-0.19641402261473778,-4.466702794182343,0.4920221486937663,-1.5191912632401978
8.120000000000001,-0.18625713763197396,-4.497364397277275,0.5236508316711949,-1.5470617097400179
8.14,-0.1754697737633397,-4.528606422826155,0.5550743411730152,-1.5772415916523994
8.16,-0.1640551484064232,-4.560476649391974,0.586381486836513,-1.6098907116268004
8.18,-0.15201465158929683,-4.5930262457946425,0.6176662546645741,-1.6451884678674176
8.2,-0.13934773065617895,-4.626310197908228,0.6490289977170396,-1.683337378168912
8.22,-0.12605174872283262,-4.6603878132929095,0.6805778714147842,-1.7245673488665048
8.24,-0.1121218114205156,-4.69532332046407,0.7124305733162976,-1.7691408820469643
8.26,-0.0975505550625899,-4.731186584047953,0.7447164663179995,-1.8173594734393643
8.28,-0.08232788753632891,-4.768053962909065,0.7775791899671565,-1.8695715336512784
8.3,-0.06644067078438058,-4.806009346067158,0.8111798996998412,-1.9261822755242115
8.32,-0.04987233046902366,-4.8451454115726005,0.8457013223309243,-1.987666163077454
8.34,-0.03260237398232433,-4.88556516751331,0.8813528839544074,-2.0545827316561858
8.36,-0.014605791904020397,-4.9273838534883625,0.9183772624363151,-2.1275968928001694
8.38,0.004147690377911826,-4.970731307414839,0.9570588543571393,-2.2075052739882652
8.4,0.02369455591437417,-5.01575493972965,0.9977348462385957,-2.2952707788609583
8.42,0.044078695999524964,-5.062623509875117,1.0408098742167529,-2.3920684904780303
8.44,0.065352952165354,-5.111531975998274,1.0867756951955456,-2.4993474397993864
8.46,0.08758112087658884,-5.162707799745436,1.1362379550111887,-2.618914878353559
8.48,0.11084059290852083,-5.2164192520761805,1.189953149698418,-2.7530529294901944
8.5,0.1352258762504995,-5.272986511460219,1.248880427378635,-2.9046824710491257
8.52,0.16085336712207207,-5.332796716247034,1.3142552553238094,-3.0775967510123983
8.540000000000001,0.18786790820298696,-5.396324692951465,1.3876955451150463,-3.27679876211623
8.56,0.2164519324077569,-5.4641619166924436,1.4713558432599005,-3.5089926925109376
8.58,0.24683835507481153,-5.537057439262001,1.5681508646011941,-3.7832984599168764
8.6,0.2793288049053511,-5.615975917754392,1.6820703468016782,-4.112261763325289
8.620000000000001,0.3143189318418318,-5.702178414393575,1.8185778382471733,-4.513140555079489
8.64,0.35233083425297307,-5.7973263414147915,1.9849261737138786,-5.0089416908502065
8.66,0.3940428568388464,-5.9035778055947254,2.1895494583271127,-5.626532565073664
8.68,0.4402663387872511,-6.02351555108117,2.4371871209758638,-6.381122960031989
8.700000000000001,0.49168296538973444,-6.159309452346964,2.7092078494410177,-7.21328257414317
8.72,0.547914958256396,-6.309738698883365,2.9163136897228576,-7.837035606048161
8.74,0.6061297640547945,-6.465714611765892,2.9052349137722144,-7.76076542429949
8.76,0.6619746043555634,-6.6132709064647,2.683365613030007,-7.0078576182629275
8.78,0.71297617351967,-6.744445370679668,2.4228837984140936,-6.128721449728159
8.8,0.7592402456405002,-6.859504203658618,2.208274914524396,-5.3919683919329895
8.82,0.8017412293991178,-6.96146589008018,2.0450225409741436,-4.81407518449055
8.84,0.8413854995474102,-7.053117572571977,1.9215427809533667,-4.35761852657662
8.86,0.8788571887702392,-7.1365312562003504,1.827096540332629,-3.9881743001617176
8.88,0.9146574904535172,-7.213193218100244,1.7539801732633926,-3.681115940101415
8.9,0.9491585470619449,-7.284177347751021,1.6968947947263544,-3.4195214483592533
8.92,0.9826433672764382,-7.350272867573727,1.652168816298509,-3.1916657761930267
8.94,1.015332581128373,-7.412069748686908,1.6172026759314317,-2.9892443367371606
8.96,1.0474021367197888,-7.470015219474887,1.5901078760797758,-2.8062254845753807
8.98,1.0789951266142794,-7.524451665094337,1.56947512172141,-2.6381186974896123
9,1.1102298181679942,-7.575642591563445,1.5542233931200435,-2.4815027681485784
9.02,1.1412051877817382,-7.623790830175754,1.5434994866545864,-2.3337160311001792
9.040000000000001,1.1720047747794091,-7.6690516022219954,1.5366094173731224,-2.1926489577681245
9.06,1.2026993743668564,-7.711542114147132,1.5329703244874275,-2.056602717352279
9.08,1.233348907228329,-7.751348769663495,1.5320758676563218,-1.9241911689732283
9.1,1.2640036903057223,-7.78853272083242,1.5334707262123297,-1.7942720553044726
9.120000000000001,1.2947052622221111,-7.823134247690863,1.5367314255141644,-1.665898208500943
9.14,1.325486871733693,-7.855176304311942,1.5414517266815766,-1.5382826880655092
9.16,1.3563737090085424,-7.884667467661594,1.5472314659898907,-1.4107737188200813
9.18,1.3873829416294914,-7.9116044557372245,1.5536681558915322,-1.282836537202313
9.200000000000001,1.4185236063471676,-7.93597433187288,1.5603509410248577,-1.1540400553479686
9.22,1.4497964013643636,-7.957756475694009,1.56685668614598,-1.024046779551931
9.24,1.4811934206367048,-7.9769243735847635,1.5727480855228455,-0.8926047759833143
9.26,1.5126978700683444,-7.993447259957288,1.5775737404810908,-0.7595407283679242
9.28,1.5442838045528164,-8.007291623442606,1.5808701628889998,-0.6247533232311435
9.3,1.5759159237053182,-8.018422578428783,1.5821656341486017,-0.4882063566251602
9.32,1.6075494621310162,-8.026805091685517,1.5809857881488485,-0.34992109975313423
9.34,1.6391302065921438,-8.032405045937542,1.5768607003066142,-0.20996759903184214
9.36,1.670594667066152,-8.03519011710714,1.5693331630087712,-0.06845472171812117
9.38,1.70187042123594,-8.03513043946534,1.5579677223563122,0.07448111133896676
9.4,1.7328766424823512,-8.032199032945023,1.5423599554643093,0.21868844568389598
9.42,1.7635248102897672,-8.026371969049096,1.5221453952012045,0.36401440845733024
9.44,1.7937195897136438,-8.01762825560797,1.4970074719948934,0.5103191953838102
9.46,1.8233598539814395,-8.005949425377706,1.4666838483554427,0.6574911812937457
9.48,1.8523398123024093,-7.991318818224405,1.4309705737692253,0.8054624298487809
9.5,1.8805501944320888,-7.973720550386035,1.3897235816714648,0.9542244557939572
9.52,1.9078794352106927,-7.953138165938028,1.3428571754540026,1.1038442270086084
9.540000000000001,1.9342147966280163,-7.929552963972971,1.2903392898768304,1.2544805852850989
9.56,1.959443362029442,-7.902941988956171,1.2321834461684091,1.4064015168685344
9.58,1.9834528364758697,-7.87327565995398,1.1684374191984326,1.5600030241344676
9.6,2.006132088115315,-7.8405149954114535,1.099168678073812,1.7158307564232294
9.620000000000001,2.027371366315938,-7.804608361810617,1.0244466216090384,1.8746060865895842
9.64,2.047062131318497,-7.765487633815191,0.9443214797440266,2.0372590340945873
9.66,2.065096424748144,-7.72306359563536,0.8587994570850459,2.204971444317288
9.68,2.081365697110956,-7.6772203306782325,0.7678132057099872,2.379235319112708
9.700000000000001,2.0957589827245857,-7.627808226627072,0.6711859497279621,2.561933459286288
9.72,2.1081602675281887,-7.574635045375413,0.5685864022437428,2.7554531386242918
9.74,2.118444820144872,-7.517454237415875,0.45946976524994265,2.96284926272508
9.76,2.1264741337964597,-7.455949260133336,0.34299713577189594,3.188082916121659
9.78,2.1320889262372575,-7.389711988627965,0.21792075278182504,3.436377107266186
9.8,2.1350993148489685,-7.3182122109287375,0.0824142734588015,3.714758775271375
9.82,2.135270734126358,-7.240753369716006,-0.06618682435934028,4.032903300907724
9.84,2.1323032407403724,-7.156406625278993,-0.2317934333297082,4.4044786436106245
9.86,2.125800332219035,-7.063910167267473,-0.42021554122538074,4.849315795158249
9.88,2.1152211340441505,-6.9615128097501895,-0.6401954336464926,5.396884453574995
9.9,2.099807793724887,-6.846733030911683,-0.9048911205762464,6.09139885618442
9.92,2.0784867075542013,-6.716023029207178,-1.2330325889851819,6.996306551019846
9.94,2.0498084371900522,-6.564531933981588,-1.643618622807275,8.179065412774412
9.96,2.0123630009149034,-6.38734059017691,-2.1115892311213926,9.572648761522997
9.98,1.9672510285001534,-6.187214368907966,-2.4033344632470794,10.451539524365371
10,1.921849268604626,-5.986552509399947,-2.140410273123451,9.625723730329442
10.02,1.8844158303142426,-5.8104198786802845,-1.6177179743678618,8.032787515894661
10.040000000000001,1.8564677540524197,-5.662726987179655,-1.1880472185518078,6.769085396953886
10.06,1.8359559195689479,-5.5364883431977745,-0.8694721769035474,5.87289396900221
10.08,1.8210490874132228,-5.42567561814853,-0.6249734773518296,5.218627133292622
10.1,1.810540916334725,-5.326356886853989,-0.4282226656637036,4.71935855771222
10.120000000000001,1.8036408005812516,-5.235969146947341,-0.26338273530299294,4.323230470208747
10.14,1.7998099833053123,-5.152773742711705,-0.12081928572668965,3.9987673336519665
10.16,1.7986655545639085,-5.075541881085586,0.005556939922927329,3.726029050901985
10.18,1.799924762238698,-5.003373916457647,0.11974355351881544,3.49182440292861
10.200000000000001,1.8033715352135204,-4.935591659341693,0.22444958909938462,3.287083193453213
10.22,1.8088354792337584,-4.871671451770193,0.3215557502465155,3.1053571687160453
10.24,1.8161781457087633,-4.811200906789197,0.41238912700009434,2.9419289194577427
10.26,1.8252837139033613,-4.753849945069495,0.4978936883003665,2.7932613977508436
10.28,1.8360524546433834,-4.6993507939933545,0.5787399955541679,2.6566459172928027
10.3,1.848396010169862,-4.647483792811839,0.6553982455414054,2.5299701182839103
10.32,1.862233900341744,-4.5980670694268735,0.7281885229313813,2.411560877969778
10.34,1.8774908847115983,-4.550948865009103,0.7973165311699726,2.300075452158791
10.36,1.894094942337309,-4.5060017099171885,0.8628998801063987,2.1944244898740095
10.38,1.9119757133758584,-4.463117919150328,0.9249881318431319,2.093716614907636
10.4,1.9310632987765641,-4.422206044233135,0.9835786650381589,1.9972179089632907
10.42,1.9512873482258526,-4.383188028642074,1.038629700947919,1.9043218802681272
10.44,1.9725763885889902,-4.345996887616816,1.090071369222885,1.8145269245515574
10.46,1.9948573594632923,-4.310574783644314,1.1378153797227126,1.727419205329909
10.48,2.0180553315850394,-4.2768714041610485,1.181763651566977,1.6426594873400253
10.5,2.042093389308442,-4.244842573175708,1.2218160989800484,1.5599728651141516
10.52,2.066892661265102,-4.214449046820463,1.2578776656434145,1.4791406086765704
10.540000000000001,2.0923724843740454,-4.185655456400335,1.289864623742579,1.3999935447077514
10.56,2.118450686182074,-4.158429372705806,1.3177101039154007,1.3224065329076837
10.58,2.1450439695401453,-4.132740473092152,1.341368793717027,1.2462937023794445
10.6,2.172068382262038,-4.1085597987104965,1.3608207321120382,1.1716041938992876
10.620000000000001,2.1994398530111776,-4.085859093699737,1.3760741333594708,1.0983182189059522
10.64,2.2270747735126597,-4.064610221385453,1.3871671927797387,1.0264432999488127
10.66,2.2548906065246954,-4.04478465477265,1.3941688561673926,0.9560106031366389
10.68,2.28280649899451,-4.026353040010268,1.397178570467871,0.887071312339672
10.700000000000001,2.310743880561068,-4.009284832172988,1.3963250718985656,0.8196930280704635
10.72,2.338627029066163,-3.9935480027708694,1.3917643050824304,0.7539562010919899
10.74,2.3663835869371863,-3.9791088179832794,1.3836765994345712,0.689950631632258
10.76,2.393945015085856,-3.9659316858485267,1.3722632541406277,0.6277720794185674
10.78,2.421246974156233,-3.9539790696543227,1.3577426986816166,0.5675190376107629
10.8,2.4482296263539216,-3.943211463692474,1.340346401175164,0.509289725483982
10.82,2.474837854492556,-3.933587426478563,1.3203146920847684,0.45317935112784635
10.84,2.501021398114371,-3.9250636655903444,1.2978926573046337,0.39927768754525134
10.86,2.526734909420982,-3.917595167520512,1.273326234156573,0.3476669946091087
10.88,2.5519379341726314,-3.9111353654177483,1.2468586187221873,0.29842030669598757
10.9,2.576594824609814,-3.9056363373261505,1.2187270655407143,0.2516000927180745
10.92,2.6006745927967407,-3.901049027525409,1.189160133207025,0.20725728279356606
10.94,2.6241507135976745,-3.8973234838018325,1.1583754036045981,0.16543064474990593
10.96,2.6470008868221284,-3.8944091039092057,1.1265776797223392,0.12614648458014988
10.98,2.66920676798199,-3.89225488506636,1.0939576480434001,0.08941863813390782
11,2.690753676672968,-3.8908096710400932,1.0606909767050592,0.055248716752499566
11.02,2.7116302909077166,-3.8900223921337576,1.0269378099750395,0.023626567109215534
11.040000000000001,2.731828334868222,-3.8898422942035564,0.9928426127546852,-0.0054690950696681395
11.06,2.7513422665820877,-3.8902191536222746,0.9585343153086525,-0.03206991676976674
11.08,2.770168971021957,-3.891103475876364,0.9241267076519443,-0.05621704214329444
11.1,2.7883074631283224,-3.8924466761962093,0.8897190343990695,-0.0779601838143944
11.120000000000001,2.8057586043005545,-3.89420124126633,0.8553967438303688,-0.09735666156481393
11.14,2.822524835015633,-3.896320871633055,0.821232348953588,-0.1144704349621154
11.16,2.8386099254359025,-3.8987606049172405,0.787286363008602,-0.12937115239683403
11.18,2.8540187451656513,-3.901476920347976,0.7536082768345508,-0.14213323493780644
11.200000000000001,2.8687570527147397,-3.904427825462108,0.7202375505230448,-0.1528350095256527
11.22,2.8828313047244674,-3.907572926068105,0.6872045966186189,-0.1615579023994625
11.24,2.8962484846016125,-3.9108734807572945,0.6545317366571742,-0.1683857003588887
11.26,2.9090159498839645,-3.914292441367923,0.6222341169623983,-0.1734038845462911
11.28,2.9211412974161446,-3.917794480875555,0.5903205732960872,-0.17669903891354816
11.3,2.9326322452387683,-3.9213460102050575,0.558794437158846,-0.17835833342030702
11.32,2.94349652997751,-3.924915185442747,0.5276542792643641,-0.17846908028494357
11.34,2.9537418184521336,-3.928471906879865,0.49689458798235503,-0.1771183602550872
11.36,2.9633756322002047,-3.931987811247493,0.46650638239354436,-0.174392714851405
11.38,2.9724052836179657,-3.935436258414826,0.4364777610639587,-0.17037789983076898
11.4,2.9808378224544407,-3.938792313723063,0.40679438876881213,-0.16515869467390104
11.42,2.9886799914479063,-3.9420327270210147,0.37743992422378697,-0.15881876268782502
11.44,2.9959381899609405,-3.945135909359966,0.3483963924582387,-0.1514405562852281
11.46,3.002618444546759,-3.948081908197713,0.31964450583356246,-0.14310526212336638
11.48,3.008726385461717,-3.9508523818576755,0.29116393791021417,-0.13389278101961277
11.5,3.0142672282236735,-3.9534305738904756,0.2629335544344396,-0.12388173787790702
11.52,3.01924575940105,-3.955801287893798,0.23493160568220736,-0.11314951723291865
11.540000000000001,3.0236663259011367,-3.9579508632625413,0.20713588429049673,-0.10177232042336094
11.56,3.027532827107237,-3.959867152265703,0.17952385254817307,-0.08982524082314099
11.58,3.030848709291819,-3.9615394987791825,0.15207274292953496,-0.07738235397303146
11.6,3.0336169618064477,-3.962958718944564,0.12475963544909596,-0.06451681985364825
11.620000000000001,3.035840114618779,-3.964117083972516,0.09756151520902082,-0.051300994912862975
11.64,3.0375202368323104,-3.965008305265143,0.0704553133109555,-0.03780655179988508
11.66,3.0386589358861724,-3.9656275219937114,0.04341793411959679,-0.024104605058580107
11.68,3.039257357190327,-3.9659712912358422,0.016426271702188387,-0.010265841290178556
11.700000000000001,3.0393161840066467,-3.9660375807486306,-0.010542781869369734,0.0036393474923753152
11.72,3.0388356374389605,-3.965825764430283,-0.037512333775761235,0.017540728431406978
11.74,3.037815476445931,-3.9653366205018052,-0.06450549076639207,0.0313680913094676
11.76,3.0362549978401505,-3.964572332421065,-0.09154536007908191,0.04505111188164501
11.78,3.0341530362858196,-3.9635364925231644,-0.11865504851981717,0.0585192159666765
11.8,3.03150796435643,-3.962234108362578,-0.14585765723748548,0.0717014452396434
11.82,3.0283176927637077,-3.960671611712875,-0.1731762696738286,0.08452632574929568
11.84,3.024579670920302,-3.9588568701581477,-0.2006339300819982,0.09692174031161431
11.86,3.0202908880520156,-3.9567992011855155,-0.22825360988965696,0.10881480610703408
11.88,3.01544787513126,-3.9545093886593556,-0.2560581590369079,0.12013175903026009
11.9,3.0100467079625366,-3.9519997015243176,-0.2840702392488133,0.13079784660654448
11.92,3.0040830118134174,-3.949283914544897,-0.31231223601146185,0.14073723159342874
11.94,2.9975519680511775,-3.9463773308435974,-0.3408061458155562,0.1498729087278507
11.96,2.9904483233160537,-3.9432968059468383,-0.3695734350202802,0.15812663744915098
11.98,2.9827664018371296,-3.940060772987274,-0.3986348664829498,0.16541889382095454
12,2.9745001215758475,-3.936689268642718,-0.42801028990946977,0.17166884527889212
12.02,2.965643014964662,-3.933203959315329,-0.457718391722779,0.17679435223370404
12.040000000000001,2.956188255093493,-3.9296281669702844,-0.4877764001405583,0.18071200094439296
12.06,2.946128688283183,-3.925986893961405,-0.5181997411225948,0.1833371724243298
12.08,2.9354568740713125,-3.9223068460730253,-0.5490016409194978,0.18458415243152274
12.1,2.9241651337191485,-3.9186164529043452,-0.5801926711592975,0.1843662877959018
12.120000000000001,2.9122456084261574,-3.9149458846165235,-0.6117802327823882,0.18259619442115513
12.14,2.899690328506631,-3.911327063956603,-0.6437679757177369,0.17918602223287966
12.16,2.886491294836971,-3.9077936723693147,-0.6761551520271125,0.1740477820925392
12.18,2.872640573916558,-3.9043811489120226,-0.7089359013745437,0.16709373922034526
12.200000000000001,2.8581304078935,-3.901126680604393,-0.7420984691516667,0.15823687693183133
12.22,2.842953340881625,-3.8980691827783813,-0.775624359451711,0.14739143345609815
12.24,2.8271023628285956,-3.895249267952171,-0.8094874273780903,0.13447351323529888
12.26,2.8105710720780386,-3.8927092017406273,-0.8436529179341855,0.11940177237720821
12.280000000000001,2.7933538575914585,-3.8904928443420834,-0.8780764619951141,0.10209817582576156
12.3,2.7754461015484306,-3.8886455762145014,-0.9127030436213482,0.08248882131855557
12.32,2.7568444027161383,-3.8872142066810373,-0.9474659572284225,0.06050482231848218
12.34,2.7375468205621765,-3.8862468643933155,-0.9822857778389692,0.036083238857299804
12.36,2.7175531395692243,-3.8857928688372945,-1.017069372738277,0.009168041648666456
12.38,2.696865152590256,-3.885902582397529,-1.0517089882103832,-0.020288909024765343
12.4,2.67548696135492,-3.88662724290556,-1.0860814504667982,-0.05232689218720099
12.42,2.6534252914025123,-3.8880187770897314,-1.120047525140378,-0.08697538946126522
12.44,2.630689817781399,-3.8901295959169806,-1.1534514844637966,-0.12425321346719384
12.46,2.6072934968333814,-3.8930123734686073,-1.1861209350519868,-0.16416773579150956
12.48,2.5832528982985496,-3.8967198117140436,-1.217866961529017,-0.20671425224871964
12.5,2.558588530867404,-3.901304394326143,-1.248484641459259,-0.25187552562651916
12.52,2.5333251532214116,-3.9068181334994243,-1.2777539844700343,-0.2996215474485741
12.540000000000001,2.5074920616036627,-3.9133123145629995,-1.305441342375925,-0.34990956015364905
12.56,2.4811233441247538,-3.920837243989522,-1.3313013268708527,-0.40268437912149924
12.58,2.454258091424051,-3.929442007150627,-1.3550792564279606,-0.4578790498650465
12.6,2.426940553069441,-3.9391742428130767,-1.3765141341927063,-0.515415869247313
12.620000000000001,2.39922022928687,-3.9500799418606545,-1.3953421340238004,-0.5752077907313147
12.64,2.3711518883535203,-3.9622032780189063,-1.4113005431024093,-0.6371602226277302
12.66,2.342795501335052,-3.9755864784138666,-1.424132077970314,-0.7011732155535494
12.68,2.314216087835684,-3.990269741585613,-1.433589458374988,-0.7671440216541959
12.700000000000001,2.285483469054223,-4.006291210095416,-1.4394400923475894,-0.8349699946688299
12.72,2.2566719276406393,-4.023687004128205,-1.4414706993421267,-0.9045517879627004
12.74,2.227859777510251,-4.042491321544695,-1.4394916789261958,-0.9757967986588691
12.76,2.1991288507242372,-4.06273660875303,-1.4333410230557324,-1.0486228013923287
12.780000000000001,2.170563912568582,-4.084453805648225,-1.4228875723234107,-1.1229617162144097
12.8,2.1422520198127946,-4.107672666830171,-1.408033431627837,-1.1987634627070278
12.82,2.114281840554277,-4.132422160493559,-1.3887153880420602,-1.2759998669412247
12.84,2.0867429568261135,-4.158730945927779,-1.3649052114267604,-1.3546686096590785
12.86,2.0597251730875454,-4.186627930613778,-1.3366087633771642,-1.434797232812004
12.88,2.0333178547234128,-4.21614290859584,-1.3038638882111981,-1.5164472571045116
12.9,2.007609320738032,-4.247307283274107,-1.2667371060697128,-1.5997185054222842
12.92,1.9826863140252577,-4.280154880147677,-1.2253191678264952,-1.6847537764740979
12.94,1.958633571111807,-4.31472285849731,-1.1797195597050774,-1.7717440711326058
12.96,1.935533511375161,-4.35105273573406,-1.1300600581809286,-1.8609346437812389
12.98,1.9134660637751362,-4.389191544438588,-1.0764674295202783,-1.9526322375357155
13,1.8925086475166144,-4.429193150388752,-1.0190653403009444,-2.0472139735612873
13.02,1.8727363222437101,-4.471119770736429,-0.9579654926269807,-2.1451385131770495
13.040000000000001,1.8542221238814887,-4.515043745872429,-0.8932579167799719,-2.246960315656017
13.06,1.8370376047140908,-4.561049637800409,-0.8250002388245035,-2.3533481028124603
13.08,1.8212536015007545,-4.609236754126677,-0.7532055810394026,-2.4651090568426812
13.1,1.806941264440912,-4.659722233260131,-0.6778285314646585,-2.583220887763612
13.120000000000001,1.7941733941323368,-4.712644878030955,-0.598748305514688,-2.708874818010656
13.14,1.7830261556426201,-4.768169999379173,-0.5157477671287316,-2.843533917380244
13.16,1.7735812720965585,-4.826495641286774,-0.4284862940944394,-2.9890133679140343
13.18,1.7659288507136435,-4.887860722607468,-0.33646341653671263,-3.147592629836552
13.200000000000001,1.7601710718790862,-4.95255588382252,-0.23896847710669128,-3.3221749535963996
13.22,1.7564270933335742,-5.020938222809624,-0.13500881169146656,-3.5165187187789373
13.24,1.7548397158785338,-5.093451740058014,-0.02320433282044959,-3.7355803442222753
13.26,1.7555846751312394,-5.170656361071925,0.09837153527892518,-3.9860348807491772
13.280000000000001,1.7588839567581438,-5.253270167826906,0.23243850048818876,-4.277086799108991
13.3,1.7650254414268876,-5.342232499317285,0.3829019609045175,-4.621765748636287
13.32,1.7743927407585838,-5.438800808913274,0.5554914456389386,-5.039044438739958
13.34,1.7875116411583958,-5.544702893126577,0.7588059746981279,-5.557332370073804
13.36,1.8051229843891725,-5.662378279765958,1.0059548139996293,-6.220038369178473
13.38,1.8282913466160289,-5.795344058044911,1.3165527317642298,-7.092649745943517
13.4,1.8585203571862554,-5.948604293439388,1.7152841592088501,-8.259739041808233
13.42,1.8975712029161533,-6.128158638266753,2.202108014464681,-9.733084318351942
13.44,1.9454799766142725,-6.334826107679502,2.5962596989598907,-10.956848316300068
13.46,1.995549835734868,-6.548390738632045,2.412101463123118,-10.40390142351525
13.48,2.0376810778541303,-6.738068180144341,1.8179427405738622,-8.615931280471079
13.5,2.0688543939598647,-6.895364566169408,1.3129013649533527,-7.154193011560704
13.52,2.091335178913425,-7.028086062235823,0.9427146735695944,-6.1396962970667515
13.540000000000001,2.1073208982700655,-7.14349005061756,0.6601639878030097,-5.412546290686931
13.56,2.1182177188742966,-7.246184426184528,0.43215610800279103,-4.8637314388327795
13.58,2.1249170594517537,-7.339084729244665,0.23949850299822056,-4.430440278094148
13.6,2.1280089067262353,-7.424118975243024,0.07086751084475512,-4.075563420406161
13.620000000000001,2.127902026293569,-7.502618801279135,-0.08070887857771847,-3.776036659029756
13.64,2.1248917114702213,-7.57553719044464,-0.21969186486685477,-3.516796953724268
13.66,2.119199751239962,-7.643575091494043,-0.34901613601405823,-3.2875673331214466
13.68,2.1109992601391463,-7.707258627794522,-0.4706399220538575,-3.0810667871577726
13.700000000000001,2.1004308834791034,-7.7669882647604735,-0.5858669469172141,-2.8919667904213813
13.72,2.0876138598573895,-7.8230713474708855,-0.6955434583284588,-2.716257439066059
13.74,2.0726538781415615,-7.875744384088776,-0.8001842131507491,-2.550848490149355
13.76,2.055648844544726,-7.925188793087412,-0.9000568378658937,-2.393310690936331
13.780000000000001,2.036693218953613,-7.971542368852273,-0.9952413228159656,-2.2417040138107023
13.8,2.015881315625415,-8.01490788159768,-1.0856745568982706,-2.094461510341938
13.82,1.99330980541843,-8.05535972880808,-1.1711859242606038,-1.9503097848748154
13.84,1.969079560189978,-8.09294924815854,-1.251527664851959,-1.8082141417952353
13.86,1.943296921031764,-8.127709105767739,-1.3264022314897597,-1.6673406211836095
13.88,1.9160744374963479,-8.159657043715457,-1.395487884008369,-1.5270296477700844
13.9,1.8875311073912624,-8.188799181103718,-1.4584630507494374,-1.3867775639990911
13.92,1.8577921414704461,-8.215132998334555,-1.515029460987514,-1.2462232935459934
13.94,1.8269882812249445,-8.238650085735527,-1.5649336652180954,-1.1051380223730947
13.96,1.7952547083174608,-8.259338699992501,-1.6079862997768353,-0.9634162364781811
13.98,1.762729598499595,-8.277186142224194,-1.6440783179397114,-0.8210668113136312
14,1.7295523885515736,-8.292180948619206,-1.6731934035334117,-0.6782031646724789
14.02,1.6958618393636713,-8.304314867902084,-1.6954159009819945,-0.5350317942789976
14.040000000000001,1.6617939894028098,-8.313584589476536,-1.7109338220892225,-0.39183883492111976
14.06,1.6274800985827116,-8.319993181956166,-1.7200367962978953,-0.24897458337586215
14.08,1.593044681764779,-8.323551203775738,-1.7231091785472983,-0.10683623677369278
14.1,1.5586037233851195,-8.324277455134668,-1.7206188724597227,0.034150650843184804
14.120000000000001,1.524263150543161,-8.322199352656924,-1.7131027229498292,0.17355129142327344
14.14,1.4901176226054706,-8.31735292343112,-1.7011495459898238,0.31094054586348496
14.16,1.4562496728623868,-8.309782431796677,-1.6853819718617509,0.44592072177298514
14.18,1.42272921420329,-8.299539668535681,-1.6664382751585582,0.5781375061486751
14.200000000000001,1.3896133983057075,-8.28668294629707,-1.6449552587563445,0.707293398561044
14.22,1.35694679831953,-8.271275855719463,-1.6215530711473105,0.8331582156327022
14.24,1.32476186981885,-8.253385842904066,-1.5968225960643514,0.9555764758845587
14.26,1.293079634622757,-8.233082670246267,-1.5713157922809855,1.0744717169214595
14.280000000000001,1.261910527060678,-8.210436819338314,-1.5455391099159372,1.1898480183570541
14.3,1.2312553419388905,-8.185517887341684,-1.5199498918454915,1.3017891838769486
14.32,1.2011062270068156,-8.158393017846372,-1.494955501220162,1.410456162917927
14.34,1.171447669040232,-8.12912539487232,-1.4709148061837447,1.51608336427872
14.36,1.1422574305976527,-8.097772815373688,-1.4481416004058956,1.6189745365620312
14.38,1.1135074029773695,-8.064386342242926,-1.4269095366729938,1.719498875989903
14.4,1.0851643489809997,-8.029009026955354,-1.4074581906839796,1.81808798702038
14.42,1.0571905160592836,-7.991674678881723,-1.3899999424147553,1.9152342831357323
14.44,1.0295441057721217,-7.952406646804559,-1.3747274529955686,2.0114913920984394
14.46,1.0021795889063103,-7.911216566827367,-1.3618216186021384,2.1074771394657192
14.48,0.9750478568423168,-7.868103018833783,-1.3514599955986604,2.2038797442091527
14.5,0.9480961986604229,-7.823050019723707,-1.3438258135693055,2.3014679913432965
14.52,0.921268089783329,-7.776025264148017,-1.339117830312743,2.4011063749138
14.540000000000001,0.8945027712585322,-7.7269780000690655,-1.337561446574957,2.5037765682555055
14.56,0.8677345883828628,-7.675836393935804,-1.3394217070723717,2.6106071343433217
14.58,0.8408920420767291,-7.6225041938721,-1.3450190977845091,2.7229142266859454
14.6,0.8138964842930421,-7.566856432043182,-1.3547494533917042,2.8422572918110767
14.620000000000001,0.7866603567044705,-7.508733808680963,-1.3691098842012048,2.9705156922031026
14.64,0.7590848250672116,-7.447935253784344,-1.3887335294351864,3.1099950785721053
14.66,0.7310565923600185,-7.384207942974075,-1.4144373131093138,3.2635768060960952
14.68,0.7024435702644278,-7.3172337124980045,-1.4472889697411118,3.4349305373482975
14.700000000000001,0.6730889333893684,-7.246610317240298,-1.4887027426076749,3.628820498231195
14.72,0.6428028509673119,-7.171825227670093,-1.540577577989702,3.851550550839892
14.74,0.6113508673500393,-7.092218597722032,-1.6054967424604232,4.111610660865398
14.76,0.5784375168020149,-7.0069307398983,-1.6870090478620607,4.420593537641717
14.780000000000001,0.5436835844666421,-6.914828763060334,-1.7899889332801808,4.794381234296063
14.8,0.5065967313534279,-6.8144109565779365,-1.920943929116818,5.254198155131508
14.82,0.4665430865026571,-6.703712269483174,-2.087590203962752,5.825387928167926
14.84,0.42276083060457686,-6.58034051357907,-2.294935496295231,6.525117984566921
14.86,0.374573501292131,-6.44214647548101,-2.5286795323300115,7.309552427638584
14.88,0.3222091461889208,-6.28983063433567,-2.710645016934601,7.931111834371885
14.9,0.2682554677533906,-6.131593559533354,-2.684713682699952,7.892565100499644
14.92,0.2171661993340598,-5.981560405060284,-2.4279394493361703,7.122538271195668
14.94,0.1717686923246925,-5.848637082091751,-2.118203977710366,6.189886611296567
14.96,0.13207200756075954,-5.7327468437783144,-1.8565548152902516,5.4150196101228
14.98,0.09703271306959593,-5.630493282641378,-1.6507635907702016,4.820835815568393
15,0.0656721381370311,-5.538712959943284,-1.4875179335010524,4.364046072834224
15.02,0.03726672694191828,-5.455066286464791,-1.3545219303951022,4.005218591210756
15.040000000000001,0.011301157060907348,-5.3778793822351485,-1.2430788417857046,3.7166689476628796
15.06,-0.012594950555663453,-5.305938508882548,-1.1472809641416113,3.479717063842709
15.08,-0.034692995939669194,-5.238341965213056,-1.0630745686625829,3.2816386443237016
15.1,-0.055195722010134174,-5.174402790987886,-0.9876112050022321,3.1135693991044127
15.120000000000001,-0.0742570431986561,-5.113585306997217,-0.9188350243458778,2.9691785377240363
15.14,-0.09199521077713338,-5.0554630438168235,-0.8552225321656555,2.8438354051550805
15.16,-0.10850174651837259,-4.999690204845186,-0.7956160995577376,2.7340781135767833
15.18,-0.1238476428004825,-4.945981843591265,-0.7391151277977672,2.6372672797188947
15.200000000000001,-0.1380877572724134,-4.894099778003138,-0.6850032233691914,2.551355077859284
15.22,-0.15126398723488504,-4.8438423694829,-0.6326983418717628,2.474727676847424
15.24,-0.1634076006255185,-4.795036963352423,-0.5817179117731921,2.4060954335998814
15.26,-0.1745409717648635,-4.747534200250311,-0.5316539438042795,2.3444148514163876
15.280000000000001,-0.1846788888044067,-4.701203667898046,-0.48215493766252016,2.288832106987996
15.3,-0.19382954750929762,-4.655930529936417,-0.43291250878581283,2.238641506854763
15.32,-0.20199531164817877,-4.611612878395251,-0.38365135607706163,2.1932544627288673
15.34,-0.2091732972811014,-4.5681596299410385,-0.33412163937098677,2.152176000036316
15.36,-0.2153558226208266,-4.525488836239082,-0.2840931288059664,2.1149867428026767
15.38,-0.2205307543943974,-4.483526313594094,-0.23335068441240722,2.081328934432284
15.4,-0.22468177416742013,-4.442204521588329,-0.1816907581716774,2.0508954700001008
15.42,-0.2277885828934621,-4.401461638011016,-0.12891870434921426,2.0234212009145334
15.44,-0.22982705834987913,-4.361240790132263,-0.07484675091277018,1.99867597115528
15.46,-0.23076937768035943,-4.321489411766897,-0.01929253427296053,1.9764589839810431
15.48,-0.23058411569241422,-4.282158702583009,0.03792186266823004,1.9565941974726047
15.5,-0.22923632866190294,-4.2432031714158684,0.09697039915035159,1.9389265187356612
15.52,-0.22668763304944617,-4.2045802494266935,0.15802309687435445,1.9233186182237791
15.540000000000001,-0.22289628865312494,-4.166249962137443,0.22124557524762417,1.909648223008546
15.56,-0.21781729625635315,-4.128174651923763,0.28679806502685673,1.897805774722884
15.58,-0.2114025207469024,-4.0903187446412215,0.35483384532637563,1.8876923569574602
15.6,-0.20360085196106745,-4.052648555833199,0.4254970313904295,1.8792178099264198
15.620000000000001,-0.19435841712643617,-4.015132133529468,0.49891962399605516,1.8722989585362224
15.64,-0.18361886071128813,-3.9777391360769987,0.5752177164541639,1.8668578845642085
15.66,-0.1713237096937532,-3.9404407448153154,0.6544867431342593,1.8628201753098603
15.68,-0.15741284466222322,-3.9032096127672102,0.7367956463096874,1.8601130806947848
15.700000000000001,-0.14182509962046894,-3.8660198518907207,0.8221798390876524,1.858663509517115
15.72,-0.12449901568800252,-3.8288470628293685,0.9106328559506452,1.8583957951978645
15.74,-0.10537377573571094,-3.7916684124569624,1.00209661571076,1.8592291647947516
15.76,-0.08439034789522475,-3.7544627657163274,1.096450283797623,1.8610748570324123
15.780000000000001,-0.06149286512494678,-3.71721087905085,1.193497824333234,1.8638328631236252
15.8,-0.03663026461413141,-3.679895662685886,1.2929544936492958,1.867388319716863
15.82,-0.009758203405249792,-3.6425025174148504,1.394432765538736,1.871607682986299
15.84,0.019158746554467927,-3.6050197472764274,1.4974285161117487,1.876334978723967
15.860000000000001,0.05014464182710544,-3.567439040994106,1.6013087507629273,1.881388680710832
15.88,0.08320949868674593,-3.529756000241468,1.7053027306641517,1.8865601397244747
15.9,0.11834650527156303,-3.4919706694547776,1.8084990176464495,1.8916149667980087
15.92,0.15552926477851475,-3.454087988398967,1.9098515972509067,1.896299308173962
15.94,0.19470928714222172,-3.416118045634508,2.0081986306897637,1.900353367744037
15.96,0.2358140154699493,-3.378075964080976,2.1022971327775473,1.903534502781107
15.98,0.27874572544285636,-3.3399812130904385,2.190875430136505,1.9056512348816557
16,0.32338164174537065,-3.301856139412455,2.272702094822321,1.9066070395099117
16.02,0.36957553972251195,-3.2637235740811756,2.34666507165633,1.906448618471442
16.04,0.4171609153883714,-3.225603529603779,2.411848846613287,1.9054083006790457
16.06,0.4659555179346837,-3.1875092480434843,2.467593081741285,1.903926447861717
16.080000000000002,0.5157667076122717,-3.149443138354945,2.513516397507029,1.90264037632549
16.1,0.5663968450533301,-3.1113933403514515,2.549496125955791,1.902333470414586
16.12,0.6176478629214232,-3.0733316542634532,2.5756076833749955,1.903850559724175
16.14,0.6693243790849839,-3.0352133273046342,2.5920404795788206,1.9079979444923778
16.16,0.7212351244976071,-2.996978759527393,2.599014434410837,1.915452223723675
16.18,0.7731929197445703,-2.9585567437591167,2.5967187730776082,1.9266982720053303
16.2,0.8250137687175219,-2.919868556106737,2.5852847863486894,1.9420058495904817
16.22,0.8765157496036612,-2.8808321462653956,2.56479219263627,1.9614422942887617
16.240000000000002,0.927518283892397,-2.841365812172345,2.5352997815400196,1.984910587402619
16.26,0.9778421387140308,-2.801390985125309,2.4968873594467498,2.012199549804896
16.28,1.0273102663371811,-2.760833998546948,2.4496969690458488,2.043034799419923
16.3,1.0757493788808998,-2.7196269016325476,2.3939648765599624,2.0771230352241323
16.32,1.1229920277931065,-2.677707487311284,2.3300399603952053,2.114186218470694
16.34,1.1688789062157219,-2.6350187417684396,2.258387672986525,2.153985243824595
16.36,1.2132611008735583,-2.5915079125582445,2.179581198656776,2.1963344834885996
16.38,1.2560020666491039,-2.5471253567338055,2.0942827862063926,2.2411093494976115
16.4,1.296979161722054,-2.5018232864858114,2.0032187086340087,2.2882491024252722
16.42,1.3360846490973757,-2.4555544878398643,1.9071511626771873,2.337756860589946
16.44,1.3732261317039216,-2.4082710528236473,1.806849912320055,2.389698362642816
16.46,1.4083264375811002,-2.3599231383344366,1.70306579573658,2.4442006447522715
16.48,1.441323006860346,-2.310457744854039,1.5965074925272074,2.5014514774360666
16.5,1.4721668534539747,-2.25981749343662,1.4878222777768424,2.56170018856776
16.52,1.5008211831609295,-2.2079393680810955,1.3775809223160598,2.6252603782046227
16.54,1.527259748570459,-2.154753380814164,1.2662664547503075,2.6925150003148404
16.56,1.5514650121453977,-2.100181106802958,1.1542661775812209,2.763924340629224
16.580000000000002,1.573426174432046,-2.0441340248778537,1.0418661083176741,2.8400375604132693
16.6,1.5931371062256452,-1.986511583119565,0.9292468676133816,2.921508716147264
16.62,1.6105942028153188,-1.9271988873704802,0.8164799240909718,3.0091185344168943
16.64,1.6257941554579,-1.8660638795671265,0.7035229879268823,3.103803773075224
16.66,1.6387316093969866,-1.802953828134225,0.5902131732730448,3.2066968240850295
16.68,1.6493966473473454,-1.7376908874249049,0.47625626031096724,3.3191794604158855
16.7,1.6577719991922641,-1.6700663864528933,0.3612098920330188,3.4429565502533395
16.72,1.6638298272204646,-1.599833361330323,0.244457699783991,3.5801585847076516
16.740000000000002,1.6675278624165109,-1.5266966216779456,0.12516993280998007,3.7334867360789614
16.76,1.6688045556470776,-1.4502992890601423,0.002243762235797239,3.9064222156570776
16.78,1.6675727312261914,-1.370204178174729,-0.12578770577739795,4.10353538209496
16.8,1.6637109413596678,-1.2858674524238471,-0.2608959414605535,4.3309539924873155
16.82,1.6570512300759246,-1.1966003842786666,-0.40577837542093587,4.597093180709647
16.84,1.6473611572589064,-1.1015122345501338,-0.5642163232515992,4.91383005501724
16.86,1.6343163845500412,-0.9994221584827114,-0.7416712720414423,5.298458954958666
16.88,1.6174572657638284,-0.8887185662417899,-0.946309383976181,5.777057965286461
16.9,1.596117628944083,-0.767126772908959,-1.1908027237807792,6.390437307064115
16.92,1.5693052273555206,-0.631315968908,-1.495455102115723,7.204565201544898
16.94,1.5355071659380435,-0.4762516812845134,-1.8927362689921816,8.326127261785752
16.96,1.4924613635667647,-0.29440300994451596,-2.4259762664902538,9.901081765006014
16.98,1.4376164298860006,-0.07706502808295723,-3.077411168577915,11.890836424796277
17,1.3730827208231424,0.17007334630793935,-3.3797266168570497,12.834757006630042
17.02,1.3121168743662444,0.4063623711729154,-2.73409503105236,10.847827477829275
17.04,1.2649069999929923,0.6009894015455394,-2.0117670230159774,8.690675242579655
17.06,1.2297353401327276,0.7604345599292055,-1.5181466843841596,7.291369008050969
17.080000000000002,1.2029395983942732,0.8967806253005505,-1.1679574823027883,6.361675884068011
17.1,1.182303949180295,1.017300029256069,-0.8992906873415071,5.700181019702105
17.12,1.166537194594595,1.126268381379182,-0.6796326117833154,5.202385988288697
17.14,1.154843766305632,1.2263728803606015,-0.49115939139372145,4.811530606489077
17.16,1.14670805779945,1.3194117239048797,-0.32337900074603315,4.4944918641418825
17.18,1.1417837431873594,1.4066502460239323,-0.16971039040998204,4.230666491572984
17.2,1.139833064271711,1.489014764764079,-0.025806128157449926,4.00654126068042
17.22,1.1406912677511432,1.5672049938316683,0.11132492943223435,3.812855973196511
17.240000000000002,1.1442445065028009,1.6417628445176535,0.24380366546569301,3.643027458834055
17.26,1.1504153447617826,1.7131164753426915,0.37316290013047954,3.4922265347087746
17.28,1.1591527446118985,1.7816095714174403,0.5005172031581789,3.356812356993145
17.3,1.1704247768056464,1.8475214239212692,0.6266675515289846,3.233972034475848
17.32,1.184213018849077,1.9110810639347144,0.7521665273161635,3.1214831587249345
17.34,1.2005080026741386,1.972477429045613,0.8773587382142681,3.0175526842180145
17.36,1.2193053071359221,2.0318668085648124,1.002405288020644,2.920704812713326
17.38,1.2406020340203305,2.0893783773230994,1.1272979289476668,2.8297013037183563
17.400000000000002,1.2643935006933078,2.1451183609547093,1.251866771011439,2.743483900546468
17.42,1.290670050223602,2.1991732082136624,1.375784478558512,2.661132344082808
17.44,1.3194139334607193,2.2516120395627053,1.4985694084340349,2.5818338111774364
17.46,1.3505962644516318,2.302488573685924,1.6195899350336478,2.504861144602768
17.48,1.3841740946471617,2.3518426913532045,1.7380721257788931,2.429558261048842
17.5,1.4200876939948377,2.3997017708345814,1.8531128636762249,2.3553318110089445
17.52,1.4582581674692503,2.446081915110434,1.963700355502956,2.2816486097565067
17.54,1.4985855709653675,2.4909891839484413,2.0687436093464826,2.208038594701862
17.56,1.5409477158343976,2.5344209392839794,2.1671118148650037,2.134103085914762
17.580000000000002,1.5851998599992265,2.576367405694071,2.2576835404568016,2.0595279077176243
17.6,1.6311754679634956,2.616813534052335,2.339404257753658,1.9841004470483352
17.62,1.6786881751985088,2.6557412305489883,2.4113489983082412,1.907728991632401
17.64,1.7275350104541312,2.693131971030893,2.4727851598056447,1.8304617966800982
17.66,1.7775008145141649,2.7289697608155254,2.5232289797522336,1.7525024710472485
17.68,1.8283636563695636,2.7632443265930964,2.562488462543114,1.6742177607895872
17.7,1.879900907834061,2.7959543502464035,2.5906860494210835,1.5961339952795839
17.72,1.9318955228276926,2.8271104911135225,2.608256326779913,1.5189196138010044
17.740000000000002,1.984142006820231,2.8567379127809693,2.6159174420272313,1.4433533086250037
17.76,2.0364515764799123,2.884878048442487,2.6146190066839665,1.3702800195647244
17.78,2.0886561040697096,2.911589409580094,2.6054731014374655,1.3005595729232964
17.8,2.1406105993763114,2.9369473552058745,2.589677502372192,1.2350143651320251
17.82,2.192194170310433,2.961042868546472,2.568440747117583,1.1743826056160311
17.84,2.2433095812657555,2.9839805046703867,2.5429171428469486,1.1192822378576546
17.86,2.29388166163281,3.005875750986292,2.5141569131673807,1.0701882631658308
17.88,2.3438548873553273,3.0268520706845767,2.4830733475236695,1.0274235831964675
17.900000000000002,2.393190466530239,3.0470378800233617,2.450425942173009,0.9911613678607214
17.92,2.441863220462969,3.0665636579671705,2.416816636335218,0.9614357423379817
17.94,2.4898584853136345,3.085559319430742,2.3826954579672215,0.9381573035990423
17.96,2.537169186477124,3.1041519176618695,2.3483719965743517,0.9211304002367262
17.98,2.5837931726029715,3.1224636880622185,2.314029777372144,0.9100699222076625
18,2.6297308464694407,3.140610409900824,2.279741496376236,0.9046162651812657
18.02,2.6749830979284677,3.158700044072013,2.2454839524097614,0.9043479662312778
18.04,2.719549528254749,3.1768316015735074,2.211152243387164,0.9087921573134234
18.06,2.7634269519595396,3.1950942047841586,2.176573322921839,0.9174334219034531
18.080000000000002,2.8066081672947307,3.213566317755555,2.1415193287415306,0.9297218755304645
18.1,2.8490809961208274,3.232315138721914,2.105721208157989,0.9450813422112538
18.12,2.8908276037162035,3.2513961644114064,2.0688830987903244,0.9629183872572098
18.14,2.93182411612804,3.2708529484905244,2.0306977031879945,0.9826327163197243
18.16,2.972040554156155,3.2907170831380848,1.9908625643580216,1.0036290940225723
18.18,3.011441097348244,3.311008431700925,1.949096763211157,1.025330522924386
18.2,3.0499846781255204,3.331735631181826,1.9051571934834264,1.0471920228892337
18.22,3.087625886588283,3.3528968669692496,1.8588533073478124,1.0687140403244708
18.240000000000002,3.124316143461524,3.3744809012491004,1.8100591376034023,1.0894543667688088
18.26,3.160005075941751,3.3964683145798493,1.7587215293610612,1.1090374984652862
18.28,3.1946420131114115,3.418832901181216,1.7048638461105006,1.1271606187507506
18.3,3.2281775076110235,3.441543146035193,1.6485848917102253,1.1435957809397646
18.32,3.2605647903453505,3.4645637079815845,1.5900533152604444,1.1581883241560469
18.34,3.2917610750797204,3.4878568378361616,1.5294982358183515,1.1708519730926683
18.36,3.321728647901339,3.5113836726725363,1.4671971551300402,1.1815613786014374
18.38,3.350435699456703,3.535105364131214,1.4034623761810268,1.1903430099024948
18.400000000000002,3.37785688200435,3.558984016910499,1.3386271157037701,1.1972653122171655
18.42,3.4039735954240657,3.582983430752209,1.2730323277408826,1.2024289281778808
18.44,3.428774024130915,3.607069653364883,1.2070149993050017,1.2059575952167685
18.46,3.4522529592304263,3.631211361890245,1.1408983954930396,1.2079901218795106
18.48,3.4744114471334004,3.655380096625581,1.0749844661520058,1.2086736506683924
18.5,3.495256307891905,3.679550373270385,1.0095484085069255,1.2081582559200044
18.52,3.514799564804805,3.7036996997840745,0.9448352225576345,1.2065928109585768
18.54,3.533057822573772,3.7278085219071215,0.8810579981247125,1.2041219878514726
18.56,3.550051625580913,3.7518601183065807,0.8183976257318003,1.2008842182693316
18.580000000000002,3.565804821612271,3.7758404627871913,0.7570036159978393,1.1970104358012275
18.6,3.580343950226588,3.799738067503266,0.6969957314399973,1.1926234294449973
18.62,3.593697669391072,3.8235438178888193,0.6384661696470805,1.187837657280786
18.64,3.605896229205698,3.8472508072356275,0.5814820791316553,1.182759392904303
18.66,3.616970997599025,3.8708541765388387,0.5260882327419214,1.1774871012754156
18.68,3.626954039786421,3.894350963384803,0.4723097244299768,1.1721119629818175
18.7,3.63587775096058,3.9177399622298323,0.42015459127281596,1.1667184853994386
18.72,3.643774540028305,3.94102159735034,0.36961629301227844,1.1613851554724124
18.740000000000002,3.6506765611009024,3.96419780897007,0.320676005932663,1.1561851019122524
18.76,3.6566154887757687,3.9872719525287033,0.27330470703899307,1.1511867448482564
18.78,3.6616223329121125,4.01024871069525,0.22746503890114186,1.1464544187717614
18.8,3.665727288517118,4.033134017505212,0.18311295595020785,1.1420489604452457
18.82,3.668959616447989,4.055934993876931,0.14019916020799464,1.1380282577024878
18.84,3.671347550842702,4.07865989371188,0.09867033908843018,1.134447758104547
18.86,3.6729182294731917,4.1013180597845755,0.05847022063014906,1.1313609385356918
18.88,3.6736976435353927,4.123919888664225,0.019540462801894545,1.1288197382640588
18.900000000000002,3.6737106037263776,4.14647680397057,-0.01817860622921632,1.1268749589437694
18.92,3.6729807197923092,4.169001237342315,-0.05474738044436662,1.1255766356459296
18.94,3.6715303910502,4.191506616582321,-0.09022648545265391,1.1249743833883823
18.96,3.669380805683965,4.214007360535731,-0.12467639085165709,1.125117723874211
18.98,3.666551946886507,4.2365188803532,-0.158157112603813,1.126056397312018
19,3.663062604162403,4.259057586890308,-0.19072799401333584,1.127840664326819
19.02,3.658930388319596,4.281640904095977,-0.2224475553379267,1.1305216031178844
19.04,3.6541717488636847,4.304287288347828,-0.2533734034785199,1.134151407210546
19.06,3.6488019926660598,4.327016253801951,-0.28356219453619513,1.1387836894099546
19.080000000000002,3.642835302908588,4.349848403940337,-0.31306964329869996,1.1444737979211554
19.1,3.6362847574142494,4.372805469623202,-0.34195057492018754,1.1512791510771039
19.12,3.6291623455564657,4.395910354088553,-0.37025901519469734,1.1592595977421496
19.14,3.6214789830009533,4.419187185490609,-0.39804831691043174,1.1684778112654175
19.16,3.613244523573647,4.442661377736412,-0.4253713208268759,1.1789997258855454
19.18,3.6044677675669186,4.466359700570775,-0.45228055086383845,1.1908950257841555
19.2,3.5951564657938913,4.490310360079746,-0.4788284441590719,1.2042376986119459
19.22,3.585317318676322,4.514543091039368,-0.5050676177735159,1.2191066673473785
19.240000000000002,3.5749559696038378,4.539089262838898,-0.5310511750418043,1.2355865168955193
19.26,3.5640769917287907,4.5639820010672665,-0.5568330559311888,1.253768335025978
19.28,3.5526838672581307,4.589256327283168,-0.5824684373475267,1.2737506912569436
19.3,3.5407789581664515,4.614949320011106,-0.6080141911921663,1.2956407823441114
19.32,3.528363467075985,4.641100300642006,-0.6335294102307631,1.3195557794290396
19.34,3.515437386820622,4.667751048698351,-0.6590760146174645,1.3456244200405496
19.36,3.501999436919803,4.6949460518903,-0.6847194554011151,1.3739888985601596
19.38,3.48804698481805,4.722732797593653,-0.7105295357584626,1.4048071221799718
19.400000000000002,3.473575949275163,4.751162113892361,-0.7365813763686923,1.4382554167801416
19.42,3.458580682691484,4.780288570240387,-0.7629565586945227,1.474531789877632
19.44,3.443053828382663,4.810170950234846,-0.7897444895599667,1.5138598877066016
19.46,3.426986147825552,4.8408728121234335,-0.8170440431371351,1.556493823173912
19.48,3.41036631160793,4.872463156725396,-0.844965553429819,1.6027241045352723
19.5,3.3931806461286547,4.905017227745531,-0.8736332532082174,1.6528849663341476
19.52,3.375412825870932,4.938617476449269,-0.9031882864524776,1.707363501858555
19.54,3.357043498111794,4.973354731968721,-0.9337924640942658,1.7666111308481094
19.56,3.3380498229549898,5.009329631012882,-0.9656329921586455,1.8311581231429583
19.580000000000002,3.318404906179667,5.046654377734895,-0.9989284846067281,1.9016321616139757
19.6,3.2980770950005627,5.085454927814144,-1.033936691127679,1.9787823006174483
19.62,3.277029096584421,5.1258737231478,-1.0709645391094895,2.063510211254632
19.64,3.255216864804988,5.168073148912395,-1.1103813335508208,2.1569113801226654
19.66,3.23258818037921,5.2122399490928135,-1.1526363156823443,2.2603300620210662
19.68,3.2090808204335715,5.258590928739814,-1.198282305636089,2.375433455647718
19.7,3.1846201715898053,5.307380404346117,-1.2480079266103452,2.5043130314403816
19.72,3.159116079863762,5.358910056941379,-1.3026820358907927,2.6496245413420123
19.740000000000002,3.1324586428221615,5.413542122192063,-1.363415591867573,2.8147833717413753
19.76,3.104512524772008,5.47171724949972,-1.4316483042802162,3.004238700032217
19.78,3.075109208103981,5.5339788982450475,-1.509269645365753,3.223857124880747
19.8,3.044036401605282,5.601006756773892,-1.598784056150866,3.4814474397517383
19.82,3.011023726417998,5.673661997450407,-1.7035205120357004,3.7874276436116547
19.84,2.9757242586294153,5.753045730702923,-1.8278392424419487,4.1554842858763825
19.86,2.937694173242875,5.840563513297657,-1.9771099091298647,4.602503276479973
19.88,2.8963830777935415,5.937955649313126,-2.156627600396581,5.14510179375538
19.900000000000002,2.851181887689685,6.047143076702339,-2.3667970291170097,5.784191027819584
19.92,2.801665410971704,6.169448277217296,-2.5881286155881393,6.456798364253408
19.94,2.7482632288418403,6.303439656139508,-2.753606822933968,6.947195722670575
19.96,2.6930997548056164,6.442230644761583,-2.7627475983121403,6.93192079108087
19.98,2.6393768821586288,6.575460883338317,-2.6118616052847665,6.398450715484205
20,2.5892016143368575,6.696269766644908,-2.4098616928599825,5.695686009548265